Index,Source Name,Time Written,Event ID,Record Number,Event Type,Event Category,Computer Name
1,DCOM,Mon Nov  7 19:58:33 2022,10016,10907,2,0,Harsh
2,DCOM,Mon Nov  7 19:57:40 2022,10016,10906,2,0,Harsh
3,DCOM,Mon Nov  7 19:57:09 2022,10016,10905,2,0,Harsh
4,Service Control Manager,Mon Nov  7 19:56:04 2022,1073748864,10904,4,0,Harsh
5,TPM,Mon Nov  7 19:53:28 2022,17,10903,4,0,Harsh
6,TPM,Mon Nov  7 19:53:28 2022,17,10902,4,0,Harsh
7,TPM,Mon Nov  7 19:53:27 2022,17,10901,4,0,Harsh
8,Service Control Manager,Mon Nov  7 19:50:01 2022,1073748864,10900,4,0,Harsh
9,TPM,Mon Nov  7 19:48:31 2022,17,10899,4,0,Harsh
10,TPM,Mon Nov  7 19:48:30 2022,17,10898,4,0,Harsh
11,TPM,Mon Nov  7 19:48:30 2022,17,10897,4,0,Harsh
12,Service Control Manager,Mon Nov  7 19:39:57 2022,1073748864,10896,4,0,Harsh
13,Service Control Manager,Mon Nov  7 19:37:03 2022,1073748864,10895,4,0,Harsh
